symbol,signal_ts,mkt_snap_ts,entry_ts,lat_dec_s,lat_mkt_s,ma2_slots_occupied_at_entry,cross_strategy_holding_symbol_at_signal,n_real_competitors_same_slot,replay_first_fire_ts,replay_first_fire_delta_min,replay_pattern_persistence_bars_5m
TAKEUSDT,2026-07-11T02:23:05.655000,2026-07-11T02:23:02.353000,2026-07-11T02:23:08.879000,3.2,6.5,0,,0,2026-07-11T02:20:00,-3.1,7
ORDIUSDT,2026-07-11T02:46:47.519000,2026-07-11T02:46:43.653000,2026-07-11T02:46:51.589000,4.1,7.9,1,,0,2026-07-10T22:05:00,-281.8,50
AWEUSDT,2026-07-11T02:55:48.123000,2026-07-11T02:55:44.197000,2026-07-11T02:55:51.755000,3.6,7.6,2,,0,2026-07-11T02:50:00,-5.8,15
EIGENUSDT,2026-07-11T03:53:32.437000,2026-07-11T03:53:29.013000,2026-07-11T03:53:39.044000,6.6,10.0,2,,4,2026-07-11T03:05:00,-48.5,12
ENSOUSDT,2026-07-11T23:15:28.873000,2026-07-11T23:15:25.623000,2026-07-11T23:15:30.048000,1.2,4.4,2,,0,2026-07-11T12:05:00,-670.5,106
MAVUSDT,2026-07-11T23:24:29.571000,2026-07-11T23:24:25.794000,2026-07-11T23:24:30.468000,0.9,4.7,2,,1,NO_FIRE_OR_UNREPLAYABLE,,0
BLESSUSDT,2026-07-12T00:06:50.831000,2026-07-12T00:06:46.847000,2026-07-12T00:06:54.399000,3.6,7.6,2,,2,2026-07-12T00:05:00,-1.8,17
RVNUSDT,2026-07-12T00:41:59.064000,2026-07-12T00:41:55.122000,2026-07-12T00:42:00.541000,1.5,5.4,2,,1,NO_FIRE_OR_UNREPLAYABLE,,0
DUSKUSDT,2026-07-12T08:16:40.509000,2026-07-12T08:16:37.455000,2026-07-12T08:16:41.813000,1.3,4.4,2,,1,NO_FIRE_OR_UNREPLAYABLE,,0
AVGOUSDT,2026-07-12T22:10:27.281000,2026-07-12T22:10:24.364000,2026-07-12T22:10:29.537000,2.3,5.2,2,,0,NO_FIRE_OR_UNREPLAYABLE,,0
BTCUSDT,2026-07-13T00:55:18.871000,2026-07-13T00:55:15.453000,2026-07-13T00:55:20.249000,1.4,4.8,2,,0,2026-07-13T00:05:00,-50.3,28
SUIUSDT,2026-07-13T03:18:23.914000,2026-07-13T03:18:20.737000,2026-07-13T03:18:25.847000,1.9,5.1,1,,1,2026-07-12T05:05:00,-1333.4,47
ENAUSDT,2026-07-13T03:27:31.117000,2026-07-13T03:27:27.329000,2026-07-13T03:27:33.335000,2.2,6.0,2,,1,2026-07-13T03:05:00,-22.5,11
NVDAUSDT,2026-07-13T05:07:07.959000,2026-07-13T05:07:04.525000,2026-07-13T05:07:09.593000,1.6,5.1,2,,0,2026-07-13T05:05:00,-2.1,24
ZECUSDT,2026-07-13T17:31:01.943000,2026-07-13T17:30:56.932000,2026-07-13T17:31:09.669000,7.7,12.7,2,,1,2026-07-13T16:20:00,-71.0,32
C98USDT,2026-07-13T21:16:19.836000,2026-07-13T21:16:15.142000,2026-07-13T21:16:22.626000,2.8,7.5,2,,0,NO_FIRE_OR_UNREPLAYABLE,,0
SAFEUSDT,2026-07-13T22:12:14.426000,2026-07-13T22:12:10.946000,2026-07-13T22:12:15.325000,0.9,4.4,1,,0,NO_FIRE_OR_UNREPLAYABLE,,0
MANTAUSDT,2026-07-13T23:10:29.927000,2026-07-13T23:10:26.901000,2026-07-13T23:10:30.830000,0.9,3.9,2,,1,2026-07-13T23:05:00,-5.5,29
USDCUSDT,2026-07-14T01:57:02.826000,2026-07-14T01:57:00.508000,2026-07-14T01:57:04.940000,2.1,4.4,2,,0,NO_FIRE_OR_UNREPLAYABLE,,0
REDUSDT,2026-07-14T02:42:43.811000,2026-07-14T02:42:41.248000,2026-07-14T02:42:44.358000,0.5,3.1,2,,0,NO_FIRE_OR_UNREPLAYABLE,,0
APRUSDT,2026-07-14T03:03:57.217000,2026-07-14T03:03:54.224000,2026-07-14T03:03:59.919000,2.7,5.7,2,,0,2026-07-14T03:10:00,6.0,16
REDUSDT,2026-07-14T15:41:04.390000,2026-07-14T15:41:01.750000,2026-07-14T15:41:07.040000,2.6,5.3,2,,0,NO_FIRE_OR_UNREPLAYABLE,,0
SAPIENUSDT,2026-07-14T15:47:25.850000,2026-07-14T15:47:23.575000,2026-07-14T15:47:28.830000,3.0,5.3,2,,0,NO_FIRE_OR_UNREPLAYABLE,,0
ZESTUSDT,2026-07-14T16:05:04.491000,2026-07-14T16:05:02.535000,2026-07-14T16:05:09.793000,5.3,7.3,2,,0,2026-07-14T16:05:00,-0.1,10
STABLEUSDT,2026-07-14T19:05:25.058000,2026-07-14T19:05:21.511000,2026-07-14T19:05:26.394000,1.3,4.9,1,,0,2026-07-14T19:05:00,-0.4,1
MSFTUSDT,2026-07-14T21:06:09.575000,2026-07-14T21:06:07.196000,2026-07-14T21:06:10.899000,1.3,3.7,2,,0,2026-07-14T11:20:00,-586.2,21
UVXYUSDT,2026-07-15T02:07:59.621000,2026-07-15T02:07:57.729000,2026-07-15T02:08:00.644000,1.0,2.9,1,,0,NO_FIRE_OR_UNREPLAYABLE,,0
ATUSDT,2026-07-15T02:11:45.432000,2026-07-15T02:11:43.440000,2026-07-15T02:11:47.057000,1.6,3.6,2,,1,NO_FIRE_OR_UNREPLAYABLE,,0
EDENUSDT,2026-07-15T03:03:54.739000,2026-07-15T03:03:52.480000,2026-07-15T03:03:57.222000,2.5,4.7,2,,0,2026-07-15T03:05:00,1.1,16
ICNTUSDT,2026-07-15T04:05:54.233000,2026-07-15T04:05:52.197000,2026-07-15T04:05:55.628000,1.4,3.4,2,,1,NO_FIRE_OR_UNREPLAYABLE,,0
STABLEUSDT,2026-07-15T13:46:59.504000,2026-07-15T13:46:57.546000,2026-07-15T13:47:02.737000,3.2,5.2,2,,1,2026-07-14T19:05:00,-1122.0,54
VVVUSDT,2026-07-15T14:08:34.205000,2026-07-15T14:08:32.221000,2026-07-15T14:08:35.419000,1.2,3.2,2,,1,2026-07-15T14:05:00,-3.6,12
SKHYUSDT,2026-07-16T04:10:33.006000,2026-07-16T04:10:30.435000,2026-07-16T04:10:34.424000,1.4,4.0,2,,0,NO_FIRE_OR_UNREPLAYABLE,,0
DOGEUSDT,2026-07-16T12:15:32.862000,2026-07-16T12:15:29.871000,2026-07-16T12:15:33.373000,0.5,3.5,2,,1,2026-07-16T10:05:00,-130.5,52
SUIUSDT,2026-07-16T14:31:06.681000,2026-07-16T14:31:02.688000,2026-07-16T14:31:08.820000,2.1,6.1,2,,2,2026-07-16T11:05:00,-206.1,48
ZECUSDT,2026-07-16T23:43:23.158000,2026-07-16T23:43:20.194000,2026-07-16T23:43:24.247000,1.1,4.1,2,,0,2026-07-16T23:05:00,-38.4,12
LINKUSDT,2026-07-17T06:31:40.913000,2026-07-17T06:31:37.731000,2026-07-17T06:31:41.675000,0.8,3.9,2,,0,2026-07-17T06:05:00,-26.7,12
DOTUSDT,2026-07-17T13:54:39.883000,2026-07-17T13:54:36.772000,2026-07-17T13:54:43.019000,3.1,6.2,1,,0,2026-07-17T13:35:00,-19.7,11
GALAUSDT,2026-07-17T14:01:44.806000,2026-07-17T14:01:42.875000,2026-07-17T14:01:47.570000,2.8,4.7,2,,0,2026-07-17T11:40:00,-141.7,12
XLMUSDT,2026-07-17T16:30:52.932000,2026-07-17T16:30:50.353000,2026-07-17T16:30:54.604000,1.7,4.3,2,,0,2026-07-17T16:05:00,-25.9,23
MSFTUSDT,2026-07-17T17:05:18.647000,2026-07-17T17:05:16.356000,2026-07-17T17:05:19.674000,1.0,3.3,2,,0,2026-07-17T10:10:00,-415.3,112
4USDT,2026-07-17T17:11:14.896000,2026-07-17T17:11:12.204000,2026-07-17T17:11:15.674000,0.8,3.5,2,,2,NO_FIRE_OR_UNREPLAYABLE,,0
BASEDUSDT,2026-07-18T17:17:45.251000,2026-07-18T17:17:43.312000,2026-07-18T17:17:45.921000,0.7,2.6,2,,1,2026-07-18T17:05:00,-12.8,19
LDOUSDT,2026-07-18T18:48:23.850000,2026-07-18T18:48:21.449000,2026-07-18T18:48:24.936000,1.1,3.5,2,,1,2026-07-18T18:05:00,-43.4,30
ZAMAUSDT,2026-07-18T19:56:40.012000,2026-07-18T19:56:37.654000,2026-07-18T19:56:41.120000,1.1,3.5,2,,0,2026-07-18T16:05:00,-231.7,83
MUSDT,2026-07-19T04:10:27.296000,2026-07-19T04:10:24.478000,2026-07-19T04:10:28.039000,0.7,3.6,2,,0,2026-07-19T02:30:00,-100.5,40
INJUSDT,2026-07-19T16:30:55.979000,2026-07-19T16:30:54.052000,2026-07-19T16:30:56.811000,0.8,2.8,2,,0,2026-07-19T11:05:00,-325.9,85
BTCDOMUSDT,2026-07-19T17:27:01.598000,2026-07-19T17:27:00.078000,2026-07-19T17:27:02.306000,0.7,2.2,2,,0,2026-07-19T13:35:00,-232.0,79
TRBUSDT,2026-07-19T18:18:12.885000,2026-07-19T18:18:09.565000,2026-07-19T18:18:14.135000,1.2,4.6,2,,3,2026-07-19T18:00:00,-18.2,37
CFXUSDT,2026-07-19T22:05:40.604000,2026-07-19T22:05:38.622000,2026-07-19T22:05:43.095000,2.5,4.5,2,,0,2026-07-19T22:05:00,-0.7,26
ACUUSDT,2026-07-20T05:20:05.063000,2026-07-20T05:20:03.124000,2026-07-20T05:20:07.542000,2.5,4.4,2,,0,2026-07-20T03:05:00,-135.1,36
TRXUSDT,2026-07-20T16:14:11.320000,2026-07-20T16:14:08.660000,2026-07-20T16:14:12.652000,1.3,4.0,2,,0,2026-07-20T13:05:00,-189.2,68
CLUSDT,2026-07-20T20:01:40.714000,2026-07-20T20:01:38.729000,2026-07-20T20:01:44.388000,3.7,5.7,2,,1,2026-07-20T11:35:00,-506.7,68
TZAUSDT,2026-07-21T11:14:20.618000,2026-07-21T11:14:18.038000,2026-07-21T11:14:22.205000,1.6,4.2,2,,1,NO_FIRE_OR_UNREPLAYABLE,,0
RPLUSDT,2026-07-21T12:48:47.892000,2026-07-21T12:48:44.886000,2026-07-21T12:48:48.759000,0.9,3.9,2,,1,NO_FIRE_OR_UNREPLAYABLE,,0
ETHBTCUSDT,2026-07-21T16:09:16.005000,2026-07-21T16:09:14.063000,2026-07-21T16:09:18.196000,2.2,4.1,1,,1,NO_FIRE_OR_UNREPLAYABLE,,0
NEARUSDT,2026-07-21T19:11:17.234000,2026-07-21T19:11:14.894000,2026-07-21T19:11:18.121000,0.9,3.2,1,,0,2026-07-21T19:05:00,-6.3,22
EIGENUSDT,2026-07-21T19:15:44.771000,2026-07-21T19:15:42.793000,2026-07-21T19:15:45.870000,1.1,3.1,2,,0,2026-07-21T19:05:00,-10.7,24
AVAXUSDT,2026-07-21T23:20:24.427000,2026-07-21T23:20:22.483000,2026-07-21T23:20:29.994000,5.6,7.5,2,,0,2026-07-21T23:05:00,-15.4,35
REDUSDT,2026-07-22T07:11:13.258000,2026-07-22T07:11:11.332000,2026-07-22T07:11:13.912000,0.7,2.6,2,,1,NO_FIRE_OR_UNREPLAYABLE,,0
DOGEUSDT,2026-07-22T14:10:19.341000,2026-07-22T14:10:15.975000,2026-07-22T14:10:20.816000,1.5,4.8,2,,3,2026-07-22T08:05:00,-365.3,54
GLWUSDT,2026-07-22T17:59:52.525000,2026-07-22T17:59:49.287000,2026-07-22T17:59:56.722000,4.2,7.4,2,,0,2026-07-22T13:05:00,-294.9,31
ILVUSDT,2026-07-23T03:49:14.045000,2026-07-23T03:49:09.346000,2026-07-23T03:49:16.240000,2.2,6.9,2,,0,NO_FIRE_OR_UNREPLAYABLE,,0
PLAYUSDT,2026-07-23T12:56:23.263000,2026-07-23T12:56:19.808000,2026-07-23T12:56:24.319000,1.1,4.5,2,,1,2026-07-23T11:30:00,-86.4,19
GUNUSDT,2026-07-23T16:32:52.844000,2026-07-23T16:32:49.383000,2026-07-23T16:32:53.389000,0.5,4.0,2,,2,2026-07-23T16:05:00,-27.9,12
AIGENSYNUSDT,2026-07-23T18:01:12.622000,2026-07-23T18:01:08.185000,2026-07-23T18:01:13.304000,0.7,5.1,2,,0,2026-07-23T17:05:00,-56.2,11
EWTUSDT,2026-07-23T21:20:37.913000,2026-07-23T21:20:33.885000,2026-07-23T21:20:38.926000,1.0,5.0,2,,1,NO_FIRE_OR_UNREPLAYABLE,,0
SAPIENUSDT,2026-07-24T00:45:49.961000,2026-07-24T00:45:45.428000,2026-07-24T00:45:50.665000,0.7,5.2,2,,0,NO_FIRE_OR_UNREPLAYABLE,,0
MVLLUSDT,2026-07-24T05:16:03.114000,2026-07-24T05:15:58.850000,2026-07-24T05:16:03.704000,0.6,4.9,2,,1,2026-07-24T05:05:00,-11.1,8
FHEUSDT,2026-07-24T14:51:39.662000,2026-07-24T14:51:37.783000,2026-07-24T14:51:40.470000,0.8,2.7,2,,5,2026-07-24T13:15:00,-96.7,9
ZKCUSDT,2026-07-24T21:48:21.474000,2026-07-24T21:48:17.577000,2026-07-24T21:48:22.323000,0.8,4.7,2,,0,2026-07-24T21:05:00,-43.4,46
NATGASUSDT,2026-07-25T01:00:59.977000,2026-07-25T01:00:55.266000,2026-07-25T01:01:01.014000,1.0,5.7,2,,0,2026-07-24T22:05:00,-176.0,69
USUSDT,2026-07-25T17:16:57.570000,2026-07-25T17:16:55.531000,2026-07-25T17:17:00.051000,2.5,4.5,2,,0,2026-07-25T10:20:00,-417.0,20
APRUSDT,2026-07-27T21:24:21.087000,2026-07-27T21:24:17.233000,2026-07-27T21:24:23.224000,2.1,6.0,0,,1,2026-07-27T21:05:00,-19.4,12
HOLOUSDT,2026-07-27T22:24:01.649000,2026-07-27T22:23:58.442000,2026-07-27T22:24:02.687000,1.0,4.2,1,,4,2026-07-27T19:05:00,-199.0,33
DOGEUSDT,2026-07-27T23:51:36.988000,2026-07-27T23:51:32.324000,2026-07-27T23:51:37.669000,0.7,5.3,0,,0,2026-07-27T23:05:00,-46.6,22
PNUTUSDT,2026-07-28T00:10:59.817000,2026-07-28T00:10:55.172000,2026-07-28T00:11:01.296000,1.5,6.1,1,,0,2026-07-27T23:45:00,-26.0,15
ESPUSDT,2026-07-28T00:26:59.280000,2026-07-28T00:26:54.836000,2026-07-28T00:26:59.833000,0.6,5.0,2,,1,2026-07-28T00:10:00,-17.0,9
XAUUSDT,2026-07-28T00:42:15.613000,2026-07-28T00:42:11.832000,2026-07-28T00:42:16.691000,1.1,4.9,2,,3,2026-07-28T00:05:00,-37.3,24
BCHUSDT,2026-07-28T13:46:08.933000,2026-07-28T13:46:04.892000,2026-07-28T13:46:09.448000,0.5,4.6,2,,1,2026-07-28T03:05:00,-641.1,154
REZUSDT,2026-07-29T01:10:32.036000,2026-07-29T01:10:27.349000,2026-07-29T01:10:32.573000,0.5,5.2,2,,4,2026-07-29T01:05:00,-5.5,16
CRCLUSDT,2026-07-29T04:11:58.755000,2026-07-29T04:11:54.584000,2026-07-29T04:12:01.133000,2.4,6.5,1,,0,2026-07-28T04:35:00,-1417.0,127
AEROUSDT,2026-07-29T04:25:42.701000,2026-07-29T04:25:39.239000,2026-07-29T04:25:43.191000,0.5,4.0,2,,1,2026-07-29T04:05:00,-20.7,24
COAIUSDT,2026-07-29T14:13:15.957000,2026-07-29T14:13:11.802000,2026-07-29T14:13:17.082000,1.1,5.3,2,,1,NO_FIRE_OR_UNREPLAYABLE,,0
RUNEUSDT,2026-07-29T19:42:59.562000,2026-07-29T19:42:54.663000,2026-07-29T19:43:00.505000,0.9,5.8,2,,0,2026-07-29T16:45:00,-178.0,43
AAVEUSDT,2026-07-29T21:08:38.532000,2026-07-29T21:08:35.482000,2026-07-29T21:08:39.063000,0.5,3.6,2,,0,2026-07-29T20:30:00,-38.6,7
SQQQUSDT,2026-07-30T16:17:12.909000,2026-07-30T16:17:08.652000,2026-07-30T16:17:13.485000,0.6,4.8,2,,0,2026-07-30T16:05:00,-12.2,12
WLFIUSDT,2026-07-30T20:43:35.549000,2026-07-30T20:43:30.966000,2026-07-30T20:43:36.050000,0.5,5.1,2,,4,2026-07-30T19:05:00,-98.6,49
ONDOUSDT,2026-07-31T09:45:06.722000,2026-07-31T09:45:00.999000,2026-07-31T09:45:07.520000,0.8,6.5,2,,0,2026-07-31T07:05:00,-160.1,35
ROBOUSDT,2026-07-31T22:35:38.958000,2026-07-31T22:35:34.558000,2026-07-31T22:35:39.546000,0.6,5.0,0,,0,2026-07-31T22:05:00,-30.6,34
OPENUSDT,2026-08-01T00:14:58.160000,2026-08-01T00:14:53.349000,2026-08-01T00:14:59.362000,1.2,6.0,1,,0,2026-08-01T00:05:00,-10.0,6
JUPUSDT,2026-08-01T01:12:55.068000,2026-08-01T01:12:51.020000,2026-08-01T01:12:55.625000,0.6,4.6,2,,0,2026-07-31T12:10:00,-782.9,35
TAOUSDT,2026-08-01T15:18:29.995000,2026-08-01T15:18:25.253000,2026-08-01T15:18:30.908000,0.9,5.7,2,,0,2026-08-01T15:05:00,-13.5,25
CAPUSDT,2026-08-01T18:42:13.586000,2026-08-01T18:42:10.054000,2026-08-01T18:42:14.189000,0.6,4.1,2,,2,2026-08-01T18:05:00,-37.2,12
COTIUSDT,2026-08-01T19:40:39.592000,2026-08-01T19:40:35.655000,2026-08-01T19:40:40.868000,1.3,5.2,2,,1,NO_FIRE_OR_UNREPLAYABLE,,0
1MBABYDOGEUSDT,2026-08-02T03:11:39.462000,2026-08-02T03:11:34.032000,2026-08-02T03:11:40.958000,1.5,6.9,2,,3,2026-08-01T21:05:00,-366.7,64
BROCCOLI714USDT,2026-08-02T16:00:49.100000,2026-08-02T16:00:45.547000,2026-08-02T16:00:49.923000,0.8,4.4,2,,1,2026-08-02T14:05:00,-115.8,51
SAHARAUSDT,2026-08-03T03:52:57.087000,2026-08-03T03:52:53.029000,2026-08-03T03:52:57.747000,0.7,4.7,2,,0,2026-08-03T01:05:00,-168.0,59
APRUSDT,2026-08-03T13:55:20.049000,2026-08-03T13:55:16.005000,2026-08-03T13:55:21.056000,1.0,5.1,2,,3,2026-08-03T13:05:00,-50.3,11
EDENUSDT,2026-08-03T16:53:32.528000,2026-08-03T16:53:27.562000,2026-08-03T16:53:33.420000,0.9,5.9,2,,0,2026-08-03T13:05:00,-228.5,49
AWEUSDT,2026-08-04T00:35:01.937000,2026-08-04T00:34:57.122000,2026-08-04T00:35:05.469000,3.5,8.3,2,,0,2026-08-03T20:35:00,-240.0,41
MINIMAXUSDT,2026-08-04T17:12:39.109000,2026-08-04T17:12:33.798000,2026-08-04T17:12:42.267000,3.2,8.5,2,,0,NO_FIRE_OR_UNREPLAYABLE,,0
PENGUUSDT,2026-08-05T00:53:55.910000,2026-08-05T00:53:50.742000,2026-08-05T00:53:56.609000,0.7,5.9,2,,3,2026-08-04T14:20:00,-633.9,102
PIPPINUSDT,2026-08-05T15:15:34.418000,2026-08-05T15:15:30.727000,2026-08-05T15:15:35.498000,1.1,4.8,2,,0,2026-08-05T13:15:00,-120.6,24
XNYUSDT,2026-08-06T01:54:53.431000,2026-08-06T01:54:49.278000,2026-08-06T01:54:53.948000,0.5,4.7,2,,0,2026-08-05T15:30:00,-624.9,74
PENGUSDT,2026-08-06T09:37:42.817000,2026-08-06T09:37:38.662000,2026-08-06T09:37:44.198000,1.4,5.5,2,,3,NO_FIRE_OR_UNREPLAYABLE,,0
AIAUSDT,2026-08-06T13:36:50.037000,2026-08-06T13:36:45.444000,2026-08-06T13:36:50.787000,0.8,5.3,2,,1,2026-08-06T13:05:00,-31.8,12
WIFUSDT,2026-08-06T20:22:14.377000,2026-08-06T20:22:09.993000,2026-08-06T20:22:14.919000,0.5,4.9,2,,1,2026-08-05T22:05:00,-1337.2,104
BTCUSDT,2026-08-07T04:15:49.983000,2026-08-07T04:15:46.430000,2026-08-07T04:15:50.768000,0.8,4.3,2,,0,2026-08-07T02:35:00,-100.8,54
TRBUSDT,2026-08-07T20:35:34.452000,2026-08-07T20:35:30.540000,2026-08-07T20:35:35.052000,0.6,4.5,2,,0,2026-08-07T18:05:00,-150.6,68
PEOPLEUSDT,2026-08-07T20:48:50.904000,2026-08-07T20:48:47.053000,2026-08-07T20:48:51.420000,0.5,4.4,2,,2,2026-08-07T20:35:00,-13.8,3
NILUSDT,2026-08-08T21:22:46.730000,2026-08-08T21:22:42.515000,2026-08-08T21:22:47.328000,0.6,4.8,2,,0,2026-08-08T10:05:00,-677.8,60
ERAUSDT,2026-08-09T03:23:41.990000,2026-08-09T03:23:38.577000,2026-08-09T03:23:42.948000,1.0,4.4,2,,0,2026-08-09T03:05:00,-18.7,12
